case_date,cases_0_4,cases_5_11,cases_12_17,cases_18_29,cases_30_39,cases_40_49,cases_50_59,cases_60_69,cases_70_79,cases_80_plus
2020-01-25,0,0,0,0,0,1,0,0,0,0
2020-01-26,0,0,0,0,0,0,0,0,0,0
2020-01-27,0,0,0,0,0,0,0,0,0,0
2020-01-28,0,0,0,0,0,0,0,0,0,0
2020-01-29,0,0,0,0,1,0,1,0,,0
2020-01-30,0,0,0,0,0,1,0,0,0,0
2020-01-31,0,0,0,0,0,0,0,0,0,0
2020-02-01,0,0,0,0,0,0,0,0,0,0
2020-02-02,0,0,0,0,0,0,0,0,0,0
2020-02-03,0,0,0,0,0,0,0,,0,0
2020-02-04,0,0,0,0,0,0,0,0,0,0
2020-02-05,0,0,0,0,0,0,0,0,0,0
2020-02-06,0,0,0,0,0,0,0,0,0,0
2020-02-07,0,0,0,0,0,0,1,0,0,0
2020-02-08,0,0,0,0,0,0,0,0,0,0
2020-02-09,0,0,0,0,0,0,0,0,0,0
2020-02-10,0,0,0,0,0,0,0,0,0,0
2020-02-11,0,0,0,0,0,0,0,0,0,0
2020-02-12,0,0,0,0,0,0,0,0,0,0
2020-02-13,0,0,0,0,0,0,0,0,0,0
2020-02-14,0,0,0,0,0,0,0,0,0,0
2020-02-15,0,0,0,0,0,0,0,0,0,0
2020-02-16,0,0,0,0,0,0,0,0,0,0
2020-02-17,0,0,0,0,0,0,0,0,0,0
2020-02-18,0,0,0,0,0,0,0,0,0,0
2020-02-19,0,0,0,0,0,0,0,0,0,0
2020-02-20,0,0,0,0,0,0,0,0,0,0
2020-02-21,0,0,0,0,0,0,0,0,0,0
2020-02-22,0,0,0,0,0,0,0,0,0,0
2020-02-23,0,0,0,0,0,0,0,0,0,0
2020-02-24,0,0,0,0,0,0,0,0,0,0
2020-02-25,0,0,0,0,0,0,0,0,0,0
2020-02-26,0,0,0,0,0,0,0,0,0,0
2020-02-27,0,0,0,0,0,0,0,0,0,0
2020-02-28,0,0,0,0,0,0,0,0,0,0
2020-02-29,0,0,0,0,0,0,0,0,0,0
2020-03-01,0,0,0,0,0,0,0,0,0,0
2020-03-02,0,0,0,0,0,0,0,0,0,0
2020-03-03,0,0,0,0,0,0,0,0,0,0
2020-03-04,0,0,0,0,0,1,0,0,0,0
2020-03-05,0,0,0,0,0,0,0,0,0,0
2020-03-06,0,1,0,0,0,0,0,0,0,0
2020-03-07,0,0,0,0,0,1,1,0,0,0
2020-03-08,0,0,0,0,0,0,0,0,0,0
2020-03-09,0,0,0,0,0,0,0,0,0,0
2020-03-10,0,0,0,0,0,0,0,0,0,0
2020-03-11,0,1,0,1,0,0,0,1,0,0
2020-03-12,0,0,0,0,0,0,0,1,0,0
2020-03-13,0,0,0,1,1,1,1,0,0,0
2020-03-14,0,0,0,0,1,0,0,0,1,0
2020-03-15,1,1,1,4,3,6,4,3,0,0
2020-03-16,1,2,0,2,0,0,1,1,0,0
2020-03-17,0,0,1,13,3,4,3,1,0,0
2020-03-18,0,0,1,0,1,5,4,0,2,0
2020-03-19,1,0,2,2,1,2,1,3,0,1
2020-03-20,0,0,0,2,1,3,3,3,1,0
2020-03-21,0,0,0,4,4,1,4,2,1,0
2020-03-22,0,2,0,3,3,1,3,4,0,0
2020-03-23,0,0,1,3,3,3,0,3,1,0
2020-03-24,0,0,2,2,0,0,0,0,0,0
2020-03-25,0,0,2,7,3,1,14,6,0,1
2020-03-26,2,2,1,8,10,5,7,6,0,2
2020-03-27,0,0,1,3,7,2,5,1,0,1
2020-03-28,0,0,1,6,3,3,5,4,4,0
2020-03-29,0,0,0,6,3,5,4,5,1,0
2020-03-30,1,0,2,0,5,4,6,2,1,1
2020-03-31,0,0,0,6,2,1,2,4,1,0
2020-04-01,0,1,0,4,6,1,3,2,1,1
2020-04-02,0,2,0,8,5,3,3,1,5,0
2020-04-03,0,0,0,7,3,2,2,5,2,0
2020-04-04,0,0,1,0,2,0,1,2,0,0
2020-04-05,0,0,1,4,4,0,4,3,0,0
2020-04-06,3,4,0,3,2,2,4,9,3,0
2020-04-07,0,0,0,4,5,0,1,0,0,0
2020-04-08,0,0,2,2,1,1,4,5,2,0
2020-04-09,0,0,0,1,3,2,0,1,0,0
2020-04-10,0,0,0,5,3,1,3,6,1,0
2020-04-11,1,2,0,5,5,3,3,1,1,0
2020-04-12,1,1,0,3,1,1,3,3,1,0
2020-04-13,0,1,3,2,2,2,6,3,0,0
2020-04-14,0,1,0,3,2,0,2,0,0,0
2020-04-15,0,1,1,1,2,2,3,2,2,0
2020-04-16,0,2,5,1,1,2,0,1,1,0
2020-04-17,0,1,2,2,1,1,0,1,0,1
2020-04-18,4,0,1,1,5,4,0,1,0,0
2020-04-19,0,0,1,1,0,1,0,0,0,0
2020-04-20,0,0,0,2,0,0,0,0,0,0
2020-04-21,0,0,1,0,0,0,0,0,0,0
2020-04-22,0,0,0,1,1,0,0,0,0,1
2020-04-23,0,0,0,0,1,0,1,1,0,0
2020-04-24,0,0,1,1,0,2,0,0,0,0
2020-04-25,0,0,0,0,0,0,0,0,0,0
2020-04-26,0,0,0,1,0,1,1,0,1,0
2020-04-27,0,0,0,0,0,0,0,0,0,0
2020-04-28,0,0,0,0,0,0,1,0,0,0
2020-04-29,0,0,0,0,0,0,0,0,0,0
2020-04-30,0,0,0,0,2,0,0,1,0,0
2020-05-01,0,0,0,1,1,0,1,0,0,0
2020-05-02,0,0,0,0,1,0,0,0,0,0
2020-05-03,0,0,0,0,0,0,0,0,0,0
2020-05-04,0,0,0,0,0,0,0,0,0,0
2020-05-05,0,0,0,0,0,0,0,0,0,0
2020-05-06,0,0,0,0,0,0,0,0,0,0
2020-05-07,0,0,0,0,0,0,0,0,0,0
2020-05-08,0,0,0,0,0,0,0,0,0,0
2020-05-09,0,0,0,0,0,0,0,0,0,0
2020-05-10,0,0,0,0,0,0,0,0,0,0
2020-05-11,0,0,0,0,0,0,0,0,0,0
2020-05-12,0,0,0,0,0,0,0,0,0,0
2020-05-13,0,0,0,0,0,0,0,0,0,0
2020-05-14,0,0,1,0,0,0,0,0,0,0
2020-05-15,0,0,0,0,0,0,0,0,0,0
2020-05-16,0,0,0,0,0,0,0,0,0,0
2020-05-17,0,0,0,0,0,0,0,0,0,0
2020-05-18,0,0,0,0,0,0,0,0,0,0
2020-05-19,0,0,0,1,0,0,0,0,0,0
2020-05-20,0,0,0,0,0,0,0,0,0,0
2020-05-21,0,0,0,0,0,0,0,0,0,0
2020-05-22,0,0,0,0,0,0,0,0,0,0
2020-05-23,0,0,0,0,0,0,0,0,0,1
2020-05-24,0,0,0,0,0,0,1,0,0,0
2020-05-25,0,0,0,0,0,0,0,0,0,0
2020-05-26,0,0,0,0,0,0,0,0,0,0
2020-05-27,0,0,0,0,0,0,0,0,0,0
2020-05-28,0,0,0,0,0,0,0,0,0,0
2020-05-29,0,0,0,0,1,0,1,1,0,0
2020-05-30,0,0,0,0,0,0,0,1,0,0
2020-05-31,0,0,0,0,0,0,0,0,0,0
2020-06-01,0,0,0,0,0,0,0,0,0,0
2020-06-02,0,0,0,1,0,0,0,0,0,0
2020-06-03,0,0,0,0,0,0,0,0,0,0
2020-06-04,0,0,0,0,0,0,0,0,0,0
2020-06-05,0,0,0,0,0,0,0,0,0,0
2020-06-06,0,0,0,0,0,0,0,0,0,0
2020-06-07,0,0,0,0,0,0,0,0,0,0
2020-06-08,0,0,0,0,0,0,0,0,0,0
2020-06-09,0,0,0,0,0,0,0,0,0,0
2020-06-10,0,0,0,1,0,0,0,0,0,0
2020-06-11,0,0,0,0,0,0,0,0,0,0
2020-06-12,0,0,0,0,0,1,0,0,0,0
2020-06-13,0,0,1,0,0,0,1,0,0,0
2020-06-14,0,0,0,0,0,0,0,0,0,0
2020-06-15,0,0,1,0,0,0,1,0,0,0
2020-06-16,0,0,0,0,0,0,1,0,0,0
2020-06-17,0,0,0,0,0,0,0,0,0,0
2020-06-18,0,0,0,0,0,1,1,0,0,0
2020-06-19,0,0,0,0,0,0,0,0,0,0
2020-06-20,0,0,0,0,0,0,0,0,0,0
2020-06-21,0,0,0,0,0,0,0,1,0,0
2020-06-22,0,0,0,0,0,1,0,0,0,0
2020-06-23,0,0,0,0,0,0,0,0,0,0
2020-06-24,0,0,0,0,0,0,0,0,0,0
2020-06-25,0,0,0,0,0,1,0,0,0,0
2020-06-26,0,0,0,1,1,0,0,0,0,0
2020-06-27,0,0,0,0,0,0,0,0,0,0
2020-06-28,0,0,0,0,0,0,0,0,0,0
2020-06-29,0,0,0,0,0,0,0,0,0,0
2020-06-30,0,0,0,0,0,0,0,0,0,0
2020-07-01,0,0,0,0,0,0,0,0,0,0
2020-07-02,0,0,0,0,0,1,0,0,0,0
2020-07-03,0,0,0,0,0,0,0,0,0,0
2020-07-04,0,0,0,0,0,0,0,0,0,0
2020-07-05,0,0,0,0,0,0,0,0,0,0
2020-07-06,0,0,0,1,0,0,0,0,0,0
2020-07-07,0,0,0,0,0,0,1,0,0,0
2020-07-08,0,0,0,0,0,0,0,0,0,0
2020-07-09,0,0,0,1,1,0,0,0,0,0
2020-07-10,0,0,0,0,0,1,0,0,0,0
2020-07-11,0,0,0,1,0,0,0,0,0,1
2020-07-12,0,0,0,0,0,0,0,0,0,0
2020-07-13,0,0,0,0,0,0,0,0,0,0
2020-07-14,0,0,0,0,1,1,0,0,0,0
2020-07-15,0,0,0,0,0,0,0,0,0,0
2020-07-16,0,0,0,0,0,0,0,0,0,0
2020-07-17,0,0,0,0,0,0,0,0,0,0
2020-07-18,0,0,0,0,0,0,0,0,0,0
2020-07-19,0,0,0,0,0,0,0,0,1,0
2020-07-20,1,0,0,0,0,0,2,1,3,6
2020-07-21,0,0,0,0,0,0,0,0,0,0
2020-07-22,0,0,0,0,0,0,1,0,0,0
2020-07-23,0,0,0,0,1,0,0,0,0,0
2020-07-24,0,0,0,0,0,1,0,0,0,1
2020-07-25,0,0,0,3,1,2,1,2,1,0
2020-07-26,0,0,0,5,1,1,0,0,0,0
2020-07-27,0,0,0,0,0,0,0,0,0,0
2020-07-28,0,0,0,0,0,0,0,0,0,0
2020-07-29,0,0,0,0,1,0,0,0,0,0
2020-07-30,0,0,0,0,0,0,0,0,1,0
2020-07-31,0,0,0,1,0,1,1,0,0,0
2020-08-01,0,0,0,0,0,0,0,0,0,0
2020-08-02,0,0,0,0,0,0,0,0,0,0
2020-08-03,0,0,0,0,0,0,0,0,0,0
2020-08-04,0,0,0,0,0,0,0,0,0,0
2020-08-05,0,0,0,0,0,0,0,0,1,0
2020-08-06,0,0,0,0,0,0,0,0,0,0
2020-08-07,0,0,0,0,1,0,0,0,0,0
2020-08-08,0,0,0,0,0,0,0,0,0,0
2020-08-09,0,0,0,0,0,0,0,0,0,0
2020-08-10,0,0,0,2,0,0,0,0,0,0
2020-08-11,0,0,0,1,0,0,0,0,0,0
2020-08-12,0,0,0,2,0,0,0,0,0,0
2020-08-13,0,0,0,0,0,0,0,0,0,0
2020-08-14,0,0,0,0,0,0,0,0,0,0
2020-08-15,0,0,0,0,0,1,0,0,0,0
2020-08-16,0,0,0,0,0,0,0,0,0,0
2020-08-17,0,0,0,0,0,0,0,0,0,0
2020-08-18,0,0,0,0,0,0,0,0,0,0
2020-08-19,0,0,0,0,0,1,0,0,0,0
2020-08-20,0,0,0,0,0,0,0,0,0,0
2020-08-21,0,0,0,0,0,0,0,0,0,0
2020-08-22,0,0,0,0,0,0,0,0,0,0
2020-08-23,0,0,0,0,0,0,0,0,0,0
2020-08-24,0,0,0,0,0,0,0,0,0,0
2020-08-25,0,0,0,0,0,0,0,0,0,0
2020-08-26,0,0,0,0,0,0,0,0,0,0
2020-08-27,0,0,0,0,0,0,0,0,0,0
2020-08-28,0,0,0,0,0,0,0,0,0,0
2020-08-29,0,0,0,0,0,0,0,0,0,0
2020-08-30,0,0,0,0,0,0,0,0,0,0
2020-08-31,0,0,0,0,0,0,0,0,0,0
2020-09-01,0,0,0,0,0,0,0,0,0,0
2020-09-02,0,0,0,0,0,0,0,0,0,0
2020-09-03,0,0,0,0,1,0,0,0,0,0
2020-09-04,0,0,0,0,0,0,0,0,0,0
2020-09-05,0,0,0,0,0,0,0,0,0,0
2020-09-06,0,0,0,0,0,0,0,0,0,0
2020-09-07,0,0,0,0,0,0,0,0,0,0
2020-09-08,0,0,0,0,0,0,0,0,0,0
2020-09-09,0,0,0,0,0,0,0,0,0,0
2020-09-10,0,0,0,0,0,0,0,0,0,0
2020-09-11,0,0,0,0,0,0,0,0,0,0
2020-09-12,0,0,0,0,0,0,0,0,0,0
2020-09-13,0,0,0,0,0,0,0,0,0,0
2020-09-14,0,0,0,0,0,0,0,0,0,0
2020-09-15,0,0,0,0,0,0,0,0,0,0
2020-09-16,0,0,0,0,0,0,0,0,0,0
2020-09-17,0,0,0,0,0,0,0,0,0,0
2020-09-18,0,0,0,0,0,0,0,0,0,0
2020-09-19,0,0,0,0,0,0,0,0,0,0
2020-09-20,0,0,0,0,0,0,0,0,0,0
2020-09-21,0,0,0,0,0,0,0,0,0,0
2020-09-22,0,0,0,0,0,0,0,0,0,0
2020-09-23,0,0,0,0,0,0,0,0,0,0
2020-09-24,0,0,0,0,0,1,0,0,0,0
2020-09-25,0,0,0,1,0,0,0,0,0,0
2020-09-26,0,0,0,0,1,0,0,0,0,0
2020-09-27,0,0,0,0,1,1,0,0,0,0
2020-09-28,0,0,0,0,0,0,0,0,0,0
2020-09-29,0,0,0,1,1,0,0,0,0,0
2020-09-30,0,0,0,3,4,1,0,0,0,0
2020-10-01,0,0,0,0,0,0,0,0,0,0
2020-10-02,0,0,0,1,0,0,0,0,0,0
2020-10-03,0,0,0,1,1,1,1,0,0,0
2020-10-04,0,0,0,3,0,3,1,0,1,0
2020-10-05,0,0,0,0,0,1,0,0,1,0
2020-10-06,0,0,0,4,1,0,1,0,0,0
2020-10-07,1,0,0,1,3,1,0,0,0,0
2020-10-08,2,0,0,0,1,1,0,1,0,0
2020-10-09,1,2,0,1,1,0,0,0,0,0
2020-10-10,0,0,0,0,0,0,1,1,0,0
2020-10-11,0,0,0,0,1,1,1,0,0,0
2020-10-12,0,2,0,0,0,0,0,0,0,0
2020-10-13,0,1,1,3,3,1,0,1,0,0
2020-10-14,0,0,0,2,0,1,0,0,0,0
2020-10-15,0,0,0,0,0,0,0,0,0,0
2020-10-16,0,1,0,1,1,1,0,0,1,0
2020-10-17,1,0,0,0,0,1,0,0,0,0
2020-10-18,0,0,0,0,0,0,1,0,0,0
2020-10-19,0,0,0,1,1,0,0,0,0,0
2020-10-20,0,0,0,1,0,0,0,0,0,0
2020-10-21,0,0,0,0,0,0,0,0,0,0
2020-10-22,0,0,0,0,0,1,0,0,0,0
2020-10-23,0,1,0,1,2,0,0,0,0,0
2020-10-24,0,0,0,1,3,1,2,0,0,0
2020-10-25,2,3,1,2,2,2,2,0,1,0
2020-10-26,0,0,0,1,3,0,0,0,0,0
2020-10-27,0,0,0,1,1,0,0,0,0,0
2020-10-28,0,2,1,0,0,3,0,1,1,0
2020-10-29,1,2,1,2,1,3,0,0,0,0
2020-10-30,1,1,0,0,5,1,0,0,0,1
2020-10-31,0,0,0,0,0,0,0,0,0,0
2020-11-01,0,0,0,0,0,1,0,0,0,0
2020-11-02,0,0,1,7,1,0,0,0,0,0
2020-11-03,0,0,0,1,0,0,0,0,0,0
2020-11-04,0,0,0,0,1,1,0,0,0,0
2020-11-05,0,0,0,0,0,0,1,1,0,0
2020-11-06,0,0,0,1,2,0,0,1,0,0
2020-11-07,0,0,2,1,1,0,1,0,0,0
2020-11-08,0,0,0,1,0,0,0,0,0,0
2020-11-09,0,0,1,2,4,1,2,0,0,0
2020-11-10,1,1,0,2,2,1,0,1,0,0
2020-11-11,0,0,1,2,1,3,2,1,0,0
2020-11-12,1,1,0,3,1,0,1,1,0,0
2020-11-13,0,0,0,1,1,0,0,1,0,0
2020-11-14,0,0,0,4,4,3,2,2,0,0
2020-11-15,1,0,0,2,2,3,0,1,0,0
2020-11-16,0,2,0,2,1,1,1,1,0,0
2020-11-17,1,2,1,3,2,1,0,3,1,0
2020-11-18,1,0,0,0,0,2,0,0,0,0
2020-11-19,0,1,1,6,0,1,5,1,0,0
2020-11-20,0,0,0,3,1,0,1,3,1,0
2020-11-21,1,3,3,4,6,6,5,4,1,0
2020-11-22,1,1,0,4,1,0,2,0,0,0
2020-11-23,0,2,1,3,5,2,1,0,1,0
2020-11-24,0,0,0,5,0,4,4,4,1,1
2020-11-25,4,2,1,3,2,8,5,0,3,2
2020-11-26,1,2,0,15,16,6,9,8,3,0
2020-11-27,3,3,2,0,4,6,7,3,5,0
2020-11-28,2,2,1,13,5,7,6,8,2,0
2020-11-29,2,0,1,9,3,9,8,1,2,2
2020-11-30,1,0,1,10,10,12,10,7,2,1
2020-12-01,4,11,7,9,13,7,9,4,4,0
2020-12-02,5,7,7,15,14,20,16,13,5,0
2020-12-03,3,2,6,11,18,14,9,10,4,1
2020-12-04,3,5,3,14,16,5,10,12,1,0
2020-12-05,0,2,3,20,6,6,16,9,2,2
2020-12-06,3,12,8,26,19,20,15,14,8,0
2020-12-07,5,5,7,16,25,9,9,11,8,3
2020-12-08,8,7,4,25,31,14,11,6,2,0
2020-12-09,3,1,4,24,29,16,11,9,2,1
2020-12-10,7,5,6,25,20,16,9,7,3,0
2020-12-11,2,1,2,15,14,13,8,5,2,0
2020-12-12,2,4,4,31,25,12,11,6,2,2
2020-12-13,3,8,7,25,25,11,16,6,1,1
2020-12-14,2,2,1,10,8,9,8,5,0,0
2020-12-15,1,3,2,16,7,3,7,8,1,0
2020-12-16,5,6,3,38,19,18,9,4,2,1
2020-12-17,8,4,3,15,6,8,14,6,0,0
2020-12-18,1,3,6,24,18,11,7,6,0,1
2020-12-19,4,1,1,22,16,9,9,8,3,2
2020-12-20,1,6,5,37,49,31,16,3,2,0
2020-12-21,1,3,1,72,117,59,15,9,1,0
2020-12-22,3,1,1,59,57,29,7,6,1,3
2020-12-23,0,2,4,35,36,21,13,5,1,1
2020-12-24,4,1,0,31,35,20,17,4,1,2
2020-12-25,1,8,3,49,72,40,20,7,1,1
2020-12-26,5,4,4,42,56,27,14,8,3,0
2020-12-27,8,8,5,46,31,14,7,5,0,0
2020-12-28,6,5,3,64,53,25,22,7,4,0
2020-12-29,4,0,0,18,21,9,9,4,1,0
2020-12-30,2,7,8,104,124,69,51,14,0,0
2020-12-31,3,1,8,69,61,25,11,4,0,0
2021-01-01,2,2,2,35,39,19,8,4,1,0
2021-01-02,3,1,5,234,228,71,14,7,3,0
2021-01-03,4,4,5,77,45,24,12,6,2,0
2021-01-04,3,4,11,136,68,28,13,7,3,0
2021-01-05,8,11,7,247,96,32,14,8,5,0
2021-01-06,1,4,3,158,86,18,14,8,1,0
2021-01-07,8,12,5,138,71,27,11,11,4,0
2021-01-08,4,6,3,130,69,54,20,8,2,2
2021-01-09,7,9,9,173,63,25,9,6,0,0
2021-01-10,6,14,5,162,84,26,10,8,3,0
2021-01-11,8,13,9,123,102,58,23,16,4,1
2021-01-12,6,10,10,183,136,59,20,9,1,1
2021-01-13,6,9,9,173,184,96,26,16,4,1
2021-01-14,6,7,16,184,133,71,27,11,3,1
2021-01-15,9,12,9,191,197,77,24,9,5,2
2021-01-16,11,19,9,218,316,62,36,21,9,5
2021-01-17,15,10,17,144,91,48,20,13,2,1
2021-01-18,10,8,11,138,83,31,25,12,9,2
2021-01-19,14,12,11,133,105,51,19,12,8,3
2021-01-20,17,25,15,154,144,61,35,15,3,1
2021-01-21,14,14,13,191,101,40,29,19,1,1
2021-01-22,13,13,12,203,118,42,32,24,7,0
2021-01-23,9,6,10,148,158,52,24,12,2,2
2021-01-24,8,16,15,133,98,40,42,18,6,2
2021-01-25,26,19,14,211,127,53,44,18,14,1
2021-01-26,10,10,14,219,129,61,36,24,6,1
2021-01-27,21,20,19,320,334,148,46,26,1,2
2021-01-28,35,24,20,272,156,85,80,29,4,4
2021-01-29,23,20,22,252,174,86,68,21,8,3
2021-01-30,13,13,22,316,200,101,65,37,10,2
2021-01-31,19,13,15,460,206,94,38,53,17,8
2021-02-01,19,26,23,531,264,111,45,32,11,6
2021-02-02,17,18,11,236,161,58,41,21,7,2
2021-02-03,31,25,16,479,213,106,55,17,8,6
2021-02-04,16,19,10,304,185,68,24,23,9,3
2021-02-05,11,11,11,205,146,73,32,17,5,2
2021-02-06,14,23,12,217,136,76,47,17,6,4
2021-02-07,10,10,6,263,138,43,19,7,3,0
2021-02-08,16,4,7,230,132,51,31,16,2,0
2021-02-09,14,21,10,198,173,47,39,7,8,0
2021-02-10,14,14,11,150,62,52,38,16,7,5
2021-02-11,7,9,8,340,267,94,39,7,1,5
2021-02-12,10,10,7,298,268,98,39,8,1,3
2021-02-13,11,8,9,439,211,65,39,12,4,1
2021-02-14,6,5,4,205,159,75,15,11,8,0
2021-02-15,12,8,8,94,71,41,18,12,2,1
2021-02-16,9,8,4,183,172,49,8,12,3,2
2021-02-17,9,15,9,170,118,48,23,14,12,18
2021-02-18,6,9,9,165,113,62,30,12,10,10
2021-02-19,7,7,4,441,186,59,13,6,5,2
2021-02-20,15,13,13,94,51,21,13,6,6,1
2021-02-21,7,11,14,207,109,35,20,13,9,1
2021-02-22,15,6,8,82,52,25,14,5,3,1
2021-02-23,17,11,12,164,113,44,43,16,7,1
2021-02-24,12,8,4,133,86,33,14,11,7,5
2021-02-25,7,11,5,120,58,24,19,10,1,2
2021-02-26,11,10,8,93,84,41,17,8,1,3
2021-02-27,3,6,8,139,91,32,18,11,4,0
2021-02-28,6,8,13,140,88,38,20,11,4,5
2021-03-01,5,5,4,186,184,76,19,5,1,0
2021-03-02,1,0,12,79,29,26,7,6,3,0
2021-03-03,6,3,5,216,103,24,16,2,1,0
2021-03-04,9,13,9,86,68,26,17,13,5,0
2021-03-05,3,4,4,55,41,20,13,7,5,1
2021-03-06,5,5,4,34,30,15,12,6,3,0
2021-03-07,9,8,10,35,49,28,9,8,1,0
2021-03-08,3,4,1,48,31,20,3,5,5,0
2021-03-09,3,4,0,71,58,15,7,3,1,0
2021-03-10,7,10,6,97,80,42,16,5,3,1
2021-03-11,3,4,4,73,54,18,7,7,0,0
2021-03-12,9,5,3,37,32,25,12,7,4,1
2021-03-13,2,2,2,26,26,16,7,3,4,2
2021-03-14,10,9,9,36,22,19,9,5,2,0
2021-03-15,1,11,13,38,29,16,6,1,0,1
2021-03-16,0,2,6,31,28,15,4,3,2,0
2021-03-17,7,3,5,66,41,22,16,4,4,0
2021-03-18,4,4,5,62,37,7,10,3,5,1
2021-03-19,5,4,4,48,46,16,7,3,3,1
2021-03-20,9,7,3,38,42,15,10,4,1,1
2021-03-21,2,8,5,51,41,21,7,5,1,0
2021-03-22,5,5,6,36,19,6,5,3,1,0
2021-03-23,1,7,8,50,55,24,11,4,1,0
2021-03-24,7,12,8,37,40,15,11,3,1,0
2021-03-25,3,5,3,58,34,15,4,3,4,0
2021-03-26,6,10,6,34,32,11,12,6,2,1
2021-03-27,6,6,4,35,12,7,9,1,1,0
2021-03-28,5,9,11,52,48,29,13,5,1,2
2021-03-29,4,8,5,56,63,19,10,3,1,2
2021-03-30,4,9,4,30,22,10,7,8,2,0
2021-03-31,5,5,6,18,29,14,5,2,2,0
2021-04-01,5,4,4,59,55,19,11,8,0,0
2021-04-02,8,7,1,31,31,10,6,7,2,0
2021-04-03,8,6,4,18,20,14,4,7,0,2
2021-04-04,3,7,6,26,32,12,6,2,0,0
2021-04-05,1,3,6,18,9,9,7,1,0,1
2021-04-06,4,2,7,32,21,12,15,3,1,1
2021-04-07,7,3,6,34,19,10,12,5,5,1
2021-04-08,3,4,4,31,34,14,8,1,2,0
2021-04-09,9,7,7,28,25,11,7,7,2,0
2021-04-10,2,2,5,28,17,13,6,4,2,1
2021-04-11,2,6,2,23,17,6,4,5,2,0
2021-04-12,1,3,4,16,12,14,4,5,1,1
2021-04-13,2,4,1,31,21,5,7,3,0,0
2021-04-14,3,4,6,21,27,5,13,3,1,1
2021-04-15,0,2,9,89,43,16,15,5,3,0
2021-04-16,2,1,5,41,32,15,9,6,1,0
2021-04-17,4,2,6,45,20,14,6,3,0,0
2021-04-18,3,9,5,157,131,51,17,12,2,0
2021-04-19,2,4,3,38,34,12,14,6,0,1
2021-04-20,1,5,4,38,20,21,7,4,0,0
2021-04-21,4,8,24,50,38,18,14,10,3,0
2021-04-22,2,6,6,50,51,24,16,7,5,2
2021-04-23,3,7,6,46,33,15,8,12,0,0
2021-04-24,2,6,14,32,33,16,13,9,1,0
2021-04-25,3,9,9,40,30,21,19,19,6,1
2021-04-26,3,2,9,97,105,45,24,18,3,2
2021-04-27,6,13,6,70,64,30,16,9,6,0
2021-04-28,12,23,17,39,39,23,21,14,6,0
2021-04-29,12,19,7,57,28,16,36,21,9,1
2021-04-30,2,7,4,46,51,19,17,7,5,0
2021-05-01,4,8,9,107,86,55,22,12,6,1
2021-05-02,12,17,9,52,46,28,26,15,5,2
2021-05-03,5,17,17,50,42,24,29,13,6,1
2021-05-04,17,28,15,92,47,49,32,14,7,3
2021-05-05,10,16,15,82,65,41,44,14,3,0
2021-05-06,4,14,16,100,49,30,27,13,4,0
2021-05-07,9,8,14,75,99,61,32,17,12,0
2021-05-08,7,18,17,78,50,43,37,23,14,1
2021-05-09,13,19,14,128,92,52,25,15,4,3
2021-05-10,16,14,16,62,56,33,32,20,5,2
2021-05-11,15,28,44,99,64,55,44,26,7,2
2021-05-12,13,20,21,96,70,51,40,17,16,3
2021-05-13,22,39,96,107,57,52,45,28,14,7
2021-05-14,16,19,28,78,74,38,35,28,15,4
2021-05-15,15,50,47,101,77,51,44,27,15,4
2021-05-16,7,16,17,49,47,17,30,31,6,4
2021-05-17,11,30,30,87,75,61,29,51,14,3
2021-05-18,18,27,28,109,87,46,42,34,14,2
2021-05-19,27,35,47,159,232,77,58,47,13,4
2021-05-20,26,22,24,151,167,73,55,44,23,3
2021-05-21,16,28,24,112,70,44,49,37,18,3
2021-05-22,25,46,45,109,82,62,43,43,16,4
2021-05-23,27,41,31,154,100,43,41,43,17,9
2021-05-24,14,25,28,112,92,70,59,31,13,4
2021-05-25,40,49,55,155,106,78,70,70,33,6
2021-05-26,29,46,30,157,106,66,64,52,20,6
2021-05-27,34,30,42,130,114,65,57,50,16,6
2021-05-28,37,61,67,208,155,87,66,55,16,4
2021-05-29,27,42,38,122,88,53,50,27,17,3
2021-05-30,18,35,30,102,72,40,56,45,16,1
2021-05-31,32,31,32,134,103,51,56,38,11,1
2021-06-01,24,40,33,120,83,50,38,28,11,2
2021-06-02,33,45,45,153,103,80,46,29,14,2
2021-06-03,23,51,38,216,226,83,55,34,9,5
2021-06-04,34,39,34,117,99,48,35,23,12,4
2021-06-05,17,37,26,111,85,58,34,23,12,4
2021-06-06,20,56,31,188,126,58,44,24,15,2
2021-06-07,12,24,22,108,63,39,27,19,22,15
2021-06-08,30,19,19,116,113,63,47,26,12,3
2021-06-09,17,32,17,134,126,48,50,25,15,3
2021-06-10,24,32,31,154,123,80,42,23,9,4
2021-06-11,17,26,29,122,86,51,49,21,11,3
2021-06-12,26,31,21,126,77,50,38,25,11,5
2021-06-13,23,24,16,106,84,39,43,18,7,3
2021-06-14,16,15,24,155,98,66,40,10,4,2
2021-06-15,18,28,18,130,84,33,29,8,6,4
2021-06-16,17,21,29,83,76,48,30,20,13,4
2021-06-17,27,33,23,114,118,53,27,21,15,5
2021-06-18,20,21,13,93,98,58,37,20,3,7
2021-06-19,17,20,19,83,62,52,34,32,16,7
2021-06-20,12,22,16,171,145,55,26,18,3,3
2021-06-21,14,21,21,95,68,52,22,14,2,1
2021-06-22,9,12,13,78,55,36,14,15,4,3
2021-06-23,17,32,24,79,55,30,19,16,6,3
2021-06-24,19,33,27,107,65,38,29,16,8,2
2021-06-25,12,19,8,47,53,23,18,13,3,0
2021-06-26,10,11,15,152,44,19,15,20,4,1
2021-06-27,3,13,14,118,103,32,18,6,3,1
2021-06-28,8,17,12,56,67,32,29,10,6,3
2021-06-29,12,16,25,60,65,32,30,20,2,7
2021-06-30,9,21,6,128,65,25,25,11,7,2
2021-07-01,15,18,11,88,81,27,16,6,4,4
2021-07-02,15,14,15,175,165,74,25,16,13,2
2021-07-03,11,14,12,145,121,65,16,13,4,1
2021-07-04,9,20,9,165,175,71,30,15,2,2
2021-07-05,11,13,12,113,94,43,20,8,2,4
2021-07-06,20,25,19,88,62,36,36,17,6,2
2021-07-07,13,15,15,81,36,27,25,8,3,1
2021-07-08,13,13,15,108,78,38,34,15,12,9
2021-07-09,12,11,16,118,69,41,31,14,2,1
2021-07-10,13,23,20,135,90,44,43,23,5,1
2021-07-11,21,21,37,121,68,61,39,14,4,5
2021-07-12,16,24,26,128,85,66,37,16,6,2
2021-07-13,19,24,18,134,91,57,34,18,6,5
2021-07-14,19,23,28,141,78,47,33,19,6,2
2021-07-15,32,32,19,227,144,66,52,22,4,0
2021-07-16,23,44,29,168,156,90,60,27,10,2
2021-07-17,41,43,31,184,169,81,52,17,4,2
2021-07-18,53,59,49,262,211,101,43,25,4,1
2021-07-19,36,45,34,320,244,117,53,17,6,4
2021-07-20,31,57,76,225,209,124,35,21,10,4
2021-07-21,41,61,46,191,121,69,63,32,12,7
2021-07-22,63,73,46,215,181,83,72,27,12,4
2021-07-23,36,46,60,242,131,92,61,33,15,5
2021-07-24,43,69,45,215,204,106,68,30,10,9
2021-07-25,48,76,67,285,196,128,69,41,17,8
2021-07-26,96,108,73,413,336,154,85,40,17,5
2021-07-27,69,69,68,278,170,106,79,43,13,8
2021-07-28,46,67,53,221,176,96,62,36,7,2
2021-07-29,67,84,80,313,193,146,94,53,15,2
2021-07-30,64,97,69,311,188,122,74,29,10,7
2021-07-31,75,121,84,277,223,172,98,47,19,7
2021-08-01,61,95,92,281,191,123,107,59,12,5
2021-08-02,90,114,90,381,228,121,93,49,14,7
2021-08-03,101,126,88,365,239,147,113,59,21,9
2021-08-04,79,118,101,346,218,116,95,54,23,8
2021-08-05,81,113,104,349,265,176,120,52,27,6
2021-08-06,53,88,73,394,288,143,133,63,20,7
2021-08-07,77,65,96,389,209,126,112,53,16,10
2021-08-08,73,135,102,421,238,167,98,38,13,13
2021-08-09,69,105,102,319,204,166,112,50,19,15
2021-08-10,100,129,107,396,254,162,116,48,22,7
2021-08-11,119,173,108,459,380,206,157,55,21,11
2021-08-12,112,166,157,514,317,183,148,69,31,9
2021-08-13,73,106,93,436,258,175,96,70,39,32
2021-08-14,73,106,109,465,271,151,142,78,21,8
2021-08-15,91,111,100,477,323,194,125,56,21,9
2021-08-16,90,134,90,496,337,167,121,40,18,13
2021-08-17,77,125,93,405,266,147,106,62,23,5
2021-08-18,74,130,101,476,317,173,111,50,27,14
2021-08-19,103,125,81,470,330,194,107,63,36,14
2021-08-20,57,116,73,450,270,173,104,45,20,9
2021-08-21,91,126,115,480,330,196,116,55,25,21
2021-08-22,74,99,98,475,311,148,86,55,29,15
2021-08-23,73,99,87,394,302,179,106,56,27,10
2021-08-24,85,143,106,571,377,223,131,55,24,9
2021-08-25,95,122,115,561,392,235,145,76,32,18
2021-08-26,119,196,140,850,578,345,191,80,34,12
2021-08-27,123,154,106,541,401,233,126,65,29,16
2021-08-28,64,94,105,506,356,233,143,84,34,17
2021-08-29,102,149,126,636,388,197,123,77,38,11
2021-08-30,136,163,145,713,484,262,161,68,43,13
2021-08-31,91,130,109,702,514,284,153,84,46,12
2021-09-01,91,129,111,631,447,261,158,83,39,25
2021-09-02,100,170,143,710,488,271,132,73,34,18
2021-09-03,155,189,148,682,526,293,126,88,51,24
2021-09-04,137,173,140,592,442,254,152,109,48,11
2021-09-05,101,129,98,714,535,258,154,107,44,8
2021-09-06,108,131,112,676,574,265,104,81,41,8
2021-09-07,138,189,135,654,489,270,169,86,28,14
2021-09-08,107,148,114,579,426,237,121,76,41,17
2021-09-09,100,127,109,663,479,276,127,97,35,18
2021-09-10,134,132,138,618,492,309,151,87,51,18
2021-09-11,125,179,150,670,518,319,166,103,26,21
2021-09-12,112,157,144,659,466,288,141,91,36,11
2021-09-13,88,126,118,602,484,271,144,104,58,25
2021-09-14,123,163,118,501,425,266,147,92,46,27
2021-09-15,123,153,126,490,400,262,142,99,47,14
2021-09-16,114,171,138,681,494,276,148,106,55,14
2021-09-17,131,192,177,594,508,331,165,141,67,22
2021-09-18,129,171,130,654,522,272,160,98,48,22
2021-09-19,128,166,145,488,392,239,156,110,43,15
2021-09-20,88,135,115,418,384,205,116,87,30,9
2021-09-21,110,161,130,558,437,231,146,104,58,18
2021-09-22,117,147,133,461,405,275,156,119,44,21
2021-09-23,112,174,127,496,400,249,167,108,58,14
2021-09-24,110,146,122,464,379,254,171,100,45,8
2021-09-25,91,123,112,336,273,171,106,79,38,11
2021-09-26,82,94,110,404,332,174,130,82,36,9
2021-09-27,66,92,77,309,249,137,115,92,42,34
2021-09-28,73,115,93,320,294,163,96,92,46,22
2021-09-29,63,90,83,361,267,133,105,86,36,15
2021-09-30,90,115,93,301,246,158,123,65,36,11
2021-10-01,74,109,84,285,262,180,95,87,29,9
2021-10-02,60,107,97,278,235,164,90,53,29,9
2021-10-03,62,99,88,225,203,133,79,49,21,21
2021-10-04,45,65,52,185,177,106,72,46,25,7
2021-10-05,55,76,64,239,167,113,72,62,27,8
2021-10-06,87,112,85,259,248,131,91,55,26,8
2021-10-07,84,94,69,238,203,98,91,62,42,9
2021-10-08,63,97,78,186,191,94,70,46,29,5
2021-10-09,64,111,66,199,192,83,73,40,23,6
2021-10-10,48,73,44,167,152,78,67,55,23,6
2021-10-11,56,81,59,184,137,101,71,49,27,9
2021-10-12,47,63,51,130,125,109,55,46,27,9
2021-10-13,60,67,35,186,143,81,57,46,16,11
2021-10-14,68,118,55,167,146,110,58,58,17,5
2021-10-15,68,102,42,160,155,93,65,69,24,8
2021-10-16,63,72,53,162,150,85,56,67,23,17
2021-10-17,49,72,42,209,145,91,57,39,17,11
2021-10-18,42,47,42,187,150,81,72,40,25,12
2021-10-19,50,62,43,161,124,70,68,42,22,7
2021-10-20,51,50,43,150,111,71,65,41,15,13
2021-10-21,41,62,37,131,113,73,56,39,24,19
2021-10-22,41,65,34,118,101,66,58,35,18,9
2021-10-23,39,64,28,104,116,43,42,41,19,7
2021-10-24,52,50,36,101,121,76,68,35,22,5
2021-10-25,30,54,19,124,124,53,38,36,19,6
2021-10-26,50,62,24,106,79,56,50,33,18,8
2021-10-27,60,73,33,112,107,64,42,36,20,5
2021-10-28,49,68,40,129,90,73,62,42,17,5
2021-10-29,45,48,19,117,86,58,40,34,6,5
2021-10-30,28,48,23,95,83,53,37,49,13,6
2021-10-31,27,44,16,75,67,51,37,33,8,5
2021-11-01,36,42,13,81,99,49,34,31,16,7
2021-11-02,41,53,15,75,85,44,38,45,16,7
2021-11-03,43,69,20,93,87,39,41,32,13,3
2021-11-04,27,62,18,92,95,44,37,33,16,5
2021-11-05,34,52,16,90,73,56,37,28,15,3
2021-11-06,42,55,20,88,72,43,32,24,16,3
2021-11-07,39,41,13,82,87,44,39,29,4,3
2021-11-08,19,31,7,72,57,34,39,25,13,5
2021-11-09,24,45,16,100,76,47,35,20,16,4
2021-11-10,32,65,8,101,115,46,48,45,22,2
2021-11-11,54,87,24,139,137,98,56,41,11,2
2021-11-12,45,55,11,135,119,56,43,37,12,4
2021-11-13,43,67,14,107,107,74,56,51,19,10
2021-11-14,41,37,19,88,78,75,47,34,11,2
2021-11-15,31,46,23,125,98,44,30,34,8,4
2021-11-16,31,63,22,116,87,57,49,34,14,6
2021-11-17,47,71,34,104,112,53,55,37,17,8
2021-11-18,43,67,26,143,122,59,50,25,24,7
2021-11-19,52,73,25,107,89,54,46,35,12,3
2021-11-20,32,76,26,89,109,60,43,35,23,3
2021-11-21,47,69,29,106,90,62,38,33,12,8
2021-11-22,21,39,18,99,74,45,40,27,6,4
2021-11-23,37,65,13,139,117,74,60,40,17,7
2021-11-24,27,65,21,104,89,74,49,43,7,7
2021-11-25,48,70,25,118,111,74,70,59,24,6
2021-11-26,33,49,10,84,95,54,50,34,16,5
2021-11-27,29,54,16,53,66,56,30,21,10,2
2021-11-28,31,57,12,106,74,40,38,30,12,4
2021-11-29,26,40,26,92,82,48,36,42,17,3
2021-11-30,39,61,18,106,86,66,60,34,19,5
2021-12-01,53,71,25,75,94,62,51,38,15,4
2021-12-02,50,69,22,160,105,78,85,35,20,11
2021-12-03,28,47,15,99,86,58,44,32,9,3
2021-12-04,36,60,20,133,77,50,59,31,15,5
2021-12-05,22,51,13,59,83,45,35,29,5,4
2021-12-06,39,48,16,100,83,70,49,36,10,6
2021-12-07,24,40,22,97,81,61,48,41,18,6
2021-12-08,34,55,25,85,76,51,32,29,17,2
2021-12-09,37,64,43,113,93,71,62,44,17,5
2021-12-10,21,43,24,120,105,61,72,29,14,8
2021-12-11,35,59,19,110,92,69,41,27,19,9
2021-12-12,16,32,8,78,61,40,40,32,12,3
2021-12-13,25,46,18,78,79,44,42,32,10,4
2021-12-14,39,48,13,68,94,58,47,45,17,6
2021-12-15,39,42,14,81,93,47,31,38,14,4
2021-12-16,44,36,17,114,89,55,48,47,16,5
2021-12-17,31,39,18,79,87,53,47,27,14,2
2021-12-18,33,41,18,89,61,63,50,36,14,1
2021-12-19,24,37,5,70,53,39,29,30,5,5
2021-12-20,25,38,15,83,71,39,31,36,13,4
2021-12-21,22,36,27,84,87,46,27,35,9,4
2021-12-22,26,51,28,88,81,69,53,39,29,3
2021-12-23,41,33,19,100,70,49,29,31,16,10
2021-12-24,29,40,20,98,66,51,32,42,14,4
2021-12-25,30,38,21,92,68,52,52,44,16,3
2021-12-26,20,39,17,71,69,52,31,27,12,4
2021-12-27,24,50,20,80,63,28,47,35,10,3
2021-12-28,13,35,18,69,47,46,32,25,9,3
2021-12-29,24,41,19,92,81,54,54,36,20,8
2021-12-30,31,52,28,75,80,52,48,41,21,5
2021-12-31,17,38,20,78,84,44,44,33,15,9
2022-01-01,31,34,19,87,110,74,35,24,8,4
2022-01-02,21,39,24,87,106,51,34,32,10,3
2022-01-03,20,32,18,65,62,29,52,32,16,3
2022-01-04,13,35,10,64,55,33,36,24,10,4
2022-01-05,25,36,20,73,64,42,46,26,8,4
2022-01-06,23,49,23,90,88,55,42,22,14,3
2022-01-07,18,38,16,73,50,36,32,22,11,3
2022-01-08,19,48,21,77,77,40,37,43,12,2
2022-01-09,19,27,14,77,57,55,38,30,7,2
2022-01-10,11,22,4,63,46,31,36,26,19,20
2022-01-11,15,39,21,71,68,43,31,20,8,2
2022-01-12,29,51,19,92,95,44,45,29,11,2
2022-01-13,28,63,33,114,73,44,53,32,14,2
2022-01-14,26,50,28,87,64,57,38,22,7,1
2022-01-15,25,46,30,96,87,50,34,35,12,4
2022-01-16,18,35,50,99,58,38,34,25,9,5
2022-01-17,28,36,22,78,68,44,36,23,14,2
2022-01-18,28,39,42,128,89,43,43,30,14,8
2022-01-19,30,51,44,107,86,47,54,28,13,6
2022-01-20,37,37,27,104,84,49,30,21,17,8
2022-01-21,24,47,89,98,76,39,35,23,10,3
2022-01-22,29,47,41,151,123,79,55,33,9,1
2022-01-23,22,51,50,160,87,63,46,32,10,3
2022-01-24,21,47,34,105,95,66,36,29,13,4
2022-01-25,38,53,82,140,102,77,36,34,3,2
2022-01-26,33,81,66,184,143,89,56,30,14,4
2022-01-27,43,88,82,229,137,102,78,30,13,3
2022-01-28,37,77,73,194,158,92,36,20,11,6
2022-01-29,43,89,66,237,151,77,60,44,13,3
2022-01-30,33,83,52,218,155,91,58,56,12,5
2022-01-31,49,108,58,183,163,91,74,48,18,4
2022-02-01,40,90,73,277,177,92,55,33,21,10
2022-02-02,36,91,109,355,222,119,79,47,17,8
2022-02-03,62,97,68,278,204,112,67,25,18,1
2022-02-04,26,73,59,224,168,95,49,37,16,9
2022-02-05,46,82,59,284,209,84,65,43,23,6
2022-02-06,89,150,140,420,366,174,109,85,33,16
2022-02-07,65,108,126,440,293,155,90,54,21,17
2022-02-08,73,135,125,490,362,192,126,89,42,13
2022-02-09,123,230,205,601,500,282,179,117,56,16
2022-02-10,143,274,229,868,616,333,210,103,48,12
2022-02-11,125,301,243,881,543,334,229,136,46,19
2022-02-12,158,275,289,997,662,379,244,149,64,19
2022-02-13,122,213,215,686,502,295,200,112,56,17
2022-02-14,159,270,201,828,563,318,204,165,65,25
2022-02-15,169,250,206,746,567,364,200,177,66,33
2022-02-16,143,230,170,803,516,314,209,145,56,19
2022-02-17,111,249,176,847,601,363,268,161,57,23
2022-02-18,108,192,170,901,568,352,204,159,45,17
2022-02-19,120,240,179,731,639,329,223,159,73,21
2022-02-20,134,228,146,746,604,347,221,135,68,15
2022-02-21,144,196,164,731,587,378,233,169,60,32
2022-02-22,116,197,132,558,484,296,198,146,51,21
2022-02-23,120,189,125,570,524,285,218,146,70,32
2022-02-24,115,185,155,733,632,360,242,165,79,32
2022-02-25,139,159,114,639,529,316,233,141,67,31
2022-02-26,79,93,67,569,419,276,164,144,53,21
2022-02-27,95,120,124,503,403,249,150,107,54,13
2022-02-28,114,161,95,609,559,317,224,172,92,23
2022-03-01,99,111,81,450,379,227,183,146,67,23
2022-03-02,97,136,72,499,453,304,183,129,60,16
2022-03-03,105,123,109,499,451,260,181,157,75,19
2022-03-04,126,153,130,615,521,287,225,179,87,33
2022-03-05,146,145,107,757,629,405,248,162,81,33
2022-03-06,113,138,101,656,551,308,233,147,69,30
2022-03-07,131,112,120,562,416,259,197,148,74,37
2022-03-08,87,81,76,537,371,206,138,150,48,27
2022-03-09,163,149,129,763,744,408,298,194,101,37
2022-03-10,115,117,92,589,517,304,235,160,74,16
2022-03-11,161,162,108,698,571,345,251,166,76,26
2022-03-12,125,126,80,594,544,316,227,170,84,32
2022-03-13,119,101,68,474,462,295,227,129,75,22
2022-03-14,127,139,103,668,537,326,245,154,78,41
2022-03-15,148,166,96,580,526,283,197,148,73,23
2022-03-16,175,181,114,659,574,358,245,172,61,37
2022-03-17,128,101,60,491,470,309,204,153,59,14
2022-03-18,107,79,55,424,372,228,161,113,60,21
2022-03-19,85,71,37,312,323,188,121,88,36,24
2022-03-20,89,73,37,358,338,200,161,108,53,23
2022-03-21,72,71,31,251,256,171,111,74,37,14
2022-03-22,49,52,35,235,196,127,94,67,48,24
2022-03-23,86,65,38,224,238,127,97,86,48,22
2022-03-24,76,79,33,212,227,147,96,64,37,14
2022-03-25,76,92,44,313,266,170,132,70,46,26
2022-03-26,55,55,25,159,174,102,78,46,23,9
2022-03-27,50,54,43,175,153,100,84,56,39,10
2022-03-28,52,73,28,208,205,109,74,63,28,15
2022-03-29,53,63,17,195,187,111,61,34,21,9
2022-03-30,52,60,26,184,173,98,75,65,26,19
2022-03-31,69,69,28,239,246,133,67,56,35,12
2022-04-01,47,54,19,147,140,96,55,36,17,12
2022-04-02,47,57,24,156,150,89,66,41,25,9
2022-04-03,38,37,18,117,113,71,38,49,23,5
2022-04-04,30,33,16,129,116,63,44,34,13,11
2022-04-05,47,46,19,136,133,76,45,31,13,14
2022-04-06,30,43,12,98,100,49,42,33,9,10
2022-04-07,46,55,23,126,137,95,58,35,28,21
2022-04-08,38,55,25,143,146,70,39,24,10,5
2022-04-09,42,46,29,151,116,65,54,20,10,10
2022-04-10,39,32,20,121,87,35,34,20,11,4
2022-04-11,38,41,20,95,117,52,44,14,23,50
2022-04-12,34,30,29,83,77,56,20,21,7,2
2022-04-13,12,19,35,73,63,33,38,29,10,6
2022-04-14,31,35,80,84,78,38,25,17,10,4
2022-04-15,29,38,31,48,67,41,23,22,6,8
2022-04-16,20,30,19,66,83,49,24,13,7,2
2022-04-17,10,25,96,37,50,36,12,11,10,7
2022-04-18,7,10,36,42,47,29,14,13,9,7
2022-04-19,18,24,16,24,34,24,17,9,7,6
2022-04-20,17,23,22,29,32,17,22,10,12,2
2022-04-21,13,27,46,40,36,25,12,10,4,0
2022-04-22,6,12,11,37,29,10,9,7,7,5
2022-04-23,11,9,6,26,31,19,8,11,4,3
2022-04-24,6,7,8,33,25,13,9,8,2,0
2022-04-25,8,12,1,27,15,23,16,7,2,1
2022-04-26,6,10,2,19,23,16,12,7,4,4
2022-04-27,8,16,3,26,29,13,5,15,7,2
2022-04-28,3,10,6,30,20,20,13,13,4,3
2022-04-29,8,2,3,25,15,16,10,10,8,8
2022-04-30,7,10,24,15,17,13,5,10,4,6
2022-05-01,2,3,13,14,18,16,8,6,5,1
2022-05-02,4,9,8,14,17,9,6,6,1,0
2022-05-03,2,0,3,9,6,6,1,3,4,1
2022-05-04,3,1,3,18,6,6,5,2,6,0
2022-05-05,3,2,1,8,6,4,2,2,8,1
2022-05-06,5,1,1,11,12,5,6,4,4,1
2022-05-07,5,3,2,17,4,7,6,4,5,4
2022-05-08,6,3,4,24,16,10,8,3,5,2
2022-05-09,3,4,1,27,23,17,13,8,6,2
2022-05-10,11,7,4,29,27,19,7,11,7,4
2022-05-11,8,9,3,20,16,14,4,7,4,3
2022-05-12,10,4,6,32,34,14,7,8,5,6
2022-05-13,8,6,13,30,22,20,11,8,4,4
2022-05-14,4,0,1,19,10,8,3,5,3,2
2022-05-15,5,3,4,22,22,11,10,7,3,0
2022-05-16,4,4,2,16,18,8,3,5,6,3
2022-05-17,2,3,2,13,20,9,5,7,2,1
2022-05-18,1,2,0,19,16,4,10,3,6,2
2022-05-19,3,1,4,13,18,4,11,4,4,0
2022-05-20,3,2,6,12,17,10,6,5,4,2
2022-05-21,4,3,4,19,21,10,6,10,4,4
2022-05-22,3,2,3,12,11,12,9,8,5,4
2022-05-23,4,3,1,18,15,13,10,11,4,4
2022-05-24,3,3,2,21,12,3,5,5,1,1
2022-05-25,3,5,4,21,12,6,10,7,3,1
2022-05-26,0,1,4,15,9,6,5,2,1,1
2022-05-27,1,1,7,9,8,9,2,5,1,1
2022-05-28,3,0,4,7,16,7,5,5,2,3
2022-05-29,1,3,6,16,8,5,7,0,0,1
2022-05-30,3,4,0,12,8,7,3,5,7,1
2022-05-31,0,2,0,5,18,2,2,0,0,0
2022-06-01,1,0,4,10,8,2,3,3,1,1
2022-06-02,2,0,1,11,10,4,8,4,2,0
2022-06-03,0,2,2,11,8,2,4,7,2,1
2022-06-04,1,0,2,10,10,2,2,4,2,1
2022-06-05,2,0,1,14,14,13,9,4,3,1
2022-06-06,2,3,2,7,10,2,6,6,3,2
2022-06-07,3,3,2,7,8,8,3,5,2,3
2022-06-08,4,1,1,9,14,8,7,7,4,2
2022-06-09,5,4,2,14,12,4,6,4,3,2
2022-06-10,2,1,0,15,22,10,3,3,1,0
2022-06-11,2,2,1,9,13,4,5,4,2,1
2022-06-12,1,3,4,15,13,7,8,0,4,0
2022-06-13,1,0,2,13,23,10,8,4,3,4
2022-06-14,6,1,7,13,9,12,3,4,3,0
2022-06-15,5,2,6,14,9,9,5,3,1,2
2022-06-16,5,4,3,17,9,14,9,0,5,1
2022-06-17,2,4,1,19,17,7,2,4,3,1
2022-06-18,2,3,0,12,9,3,3,4,1,3
2022-06-19,4,5,3,8,15,10,3,1,3,4
2022-06-20,3,2,2,18,15,5,4,5,7,1
2022-06-21,1,1,1,8,18,11,5,11,4,3
2022-06-22,2,4,1,12,14,5,11,3,4,2
2022-06-23,6,3,1,9,16,9,4,3,1,0
2022-06-24,3,0,4,16,15,14,5,5,4,3
2022-06-25,2,2,2,11,15,2,5,10,2,4
2022-06-26,1,3,6,19,15,11,8,4,4,1
2022-06-27,1,2,3,19,16,4,12,7,2,6
2022-06-28,3,1,0,9,18,8,2,5,7,1
2022-06-29,4,2,1,11,20,14,7,5,2,0
2022-06-30,3,6,2,12,22,16,6,6,5,1
2022-07-01,5,2,4,13,16,9,2,2,3,4
2022-07-02,3,2,5,16,23,16,7,4,2,1
2022-07-03,7,2,3,13,12,10,4,5,5,3
2022-07-04,3,2,3,13,29,10,11,4,9,5
2022-07-05,1,0,1,14,12,11,6,5,2,4
2022-07-06,4,1,3,17,15,19,5,4,3,1
2022-07-07,1,1,4,23,19,18,3,6,4,1
2022-07-08,2,3,2,15,18,11,7,8,3,0
2022-07-09,6,3,5,19,21,9,7,5,3,2
2022-07-10,3,2,4,15,18,14,7,6,4,2
2022-07-11,4,4,2,14,10,11,4,7,1,2
2022-07-12,1,3,3,19,21,10,9,12,2,3
2022-07-13,3,1,2,9,14,9,3,3,7,0
2022-07-14,2,1,3,20,29,19,9,4,5,2
2022-07-15,5,1,1,29,30,10,16,7,6,2
2022-07-16,3,1,3,17,15,5,8,12,2,7
2022-07-17,6,0,4,12,15,13,10,9,12,5
2022-07-18,0,0,1,25,24,8,6,5,11,6
2022-07-19,6,1,3,15,13,12,17,10,8,8
2022-07-20,8,3,2,35,25,14,10,16,7,5
2022-07-21,15,1,6,22,34,15,7,14,7,8
2022-07-22,6,7,3,29,17,28,9,19,11,3
2022-07-23,8,0,2,20,16,11,8,12,4,4
2022-07-24,5,4,3,20,30,20,13,8,2,6
2022-07-25,9,9,2,21,19,11,8,10,9,11
2022-07-26,4,2,2,18,17,8,5,11,2,5
2022-07-27,7,8,3,19,26,13,11,15,14,4
2022-07-28,6,5,2,28,30,11,11,5,6,3
2022-07-29,9,4,5,13,27,9,7,8,9,4
2022-07-30,6,2,1,19,14,15,10,6,11,6
2022-07-31,1,2,2,17,18,14,8,12,9,6
2022-08-01,5,6,2,21,27,15,12,8,10,8
2022-08-02,6,5,5,12,15,8,6,10,7,8
2022-08-03,9,3,4,37,17,14,10,12,3,3
2022-08-04,7,2,2,23,24,7,15,8,5,2
2022-08-05,11,5,4,24,29,17,16,13,5,4
2022-08-06,8,9,2,34,26,11,12,10,5,6
2022-08-07,9,7,7,23,22,13,9,9,8,9
2022-08-08,4,4,5,24,27,21,10,11,5,5
2022-08-09,5,4,4,19,16,14,11,9,8,6
2022-08-10,7,6,6,27,24,18,14,8,6,4
2022-08-11,7,7,4,15,30,21,28,15,13,4
2022-08-12,4,5,2,30,24,13,12,15,7,6
2022-08-13,0,2,4,15,18,10,9,9,11,4
2022-08-14,5,4,4,15,14,17,7,15,10,7
2022-08-15,11,4,3,24,25,25,12,20,5,6
2022-08-16,9,4,4,25,27,8,12,18,9,13
2022-08-17,5,2,11,18,24,10,10,14,13,5
2022-08-18,7,4,4,20,17,12,14,21,13,5
2022-08-19,11,7,5,23,23,16,5,8,9,8
2022-08-20,4,3,2,9,17,18,9,2,9,5
2022-08-21,3,4,2,19,17,11,14,15,9,7
2022-08-22,6,4,2,15,21,13,14,14,15,8
2022-08-23,10,3,1,18,26,13,11,11,9,5
2022-08-24,5,1,3,22,13,13,10,15,13,10
2022-08-25,4,6,1,15,22,13,15,16,9,2
2022-08-26,3,1,4,21,17,8,8,9,5,6
2022-08-27,2,2,5,18,13,12,2,7,5,5
2022-08-28,5,3,5,11,26,12,6,11,1,7
2022-08-29,9,1,4,14,20,10,9,7,8,3
2022-08-30,4,1,4,13,4,18,14,9,6,7
2022-08-31,3,4,1,17,12,9,10,11,7,2
2022-09-01,6,5,1,18,23,8,6,10,5,4
2022-09-02,5,5,1,5,13,7,6,10,7,7
2022-09-03,0,3,1,7,12,13,8,4,4,8
2022-09-04,5,1,1,8,12,11,8,14,8,2
2022-09-05,5,1,1,14,13,4,8,11,4,9
2022-09-06,0,2,1,16,8,6,9,10,10,6
2022-09-07,4,6,1,17,9,8,6,5,4,12
2022-09-08,1,2,4,12,19,12,11,3,7,4
2022-09-09,6,0,1,25,23,7,11,8,3,4
2022-09-10,7,3,1,12,19,10,5,9,3,4
2022-09-11,9,4,3,19,15,7,3,5,6,2
2022-09-12,6,1,3,16,6,12,11,8,9,8
2022-09-13,3,4,4,12,20,12,8,6,6,7
2022-09-14,5,4,2,5,14,11,4,8,7,4
2022-09-15,3,2,2,14,19,8,11,6,2,4
2022-09-16,2,2,0,11,18,4,3,9,6,6
2022-09-17,5,2,1,11,8,9,5,5,4,1
2022-09-18,2,1,2,9,10,5,2,8,4,5
2022-09-19,3,1,1,9,10,3,5,9,2,8
2022-09-20,8,1,2,11,6,4,9,1,5,4
2022-09-21,3,1,1,8,10,2,4,4,3,4
2022-09-22,3,0,2,8,7,5,6,3,2,4
2022-09-23,1,0,2,8,11,6,3,6,7,2
2022-09-24,1,1,1,8,8,8,3,8,6,2
2022-09-25,3,1,3,11,10,8,8,1,0,4
2022-09-26,8,3,2,9,7,6,2,9,10,4
2022-09-27,1,1,1,10,10,4,15,4,7,2
2022-09-28,2,2,0,11,9,8,10,7,5,6
2022-09-29,3,1,2,8,13,6,7,11,3,2
2022-09-30,3,1,2,5,7,2,9,7,7,2
2022-10-01,2,2,0,6,13,4,6,6,5,1
2022-10-02,1,0,0,1,6,3,5,6,5,1
2022-10-03,0,1,1,9,8,2,6,4,3,2
2022-10-04,1,1,2,11,4,2,2,3,5,6
2022-10-05,0,1,0,10,7,7,3,4,5,0
2022-10-06,1,0,0,10,9,3,8,6,2,6
2022-10-07,3,0,0,7,5,5,2,7,2,2
2022-10-08,2,3,2,10,11,5,4,11,13,18
2022-10-09,4,0,1,10,6,3,1,1,4,3
2022-10-10,0,4,1,5,9,5,2,3,4,4
2022-10-11,1,2,1,8,2,5,6,8,3,4
2022-10-12,4,2,1,6,10,4,4,6,4,7
2022-10-13,2,2,1,15,10,6,7,7,2,2
2022-10-14,1,1,0,13,13,9,3,5,4,3
2022-10-15,1,0,1,9,8,6,3,9,5,1
2022-10-16,1,2,1,10,21,5,6,3,0,4
2022-10-17,1,1,0,10,7,4,5,7,6,7
2022-10-18,2,1,0,17,9,4,7,7,8,6
2022-10-19,1,1,1,11,12,3,4,4,5,4
2022-10-20,3,0,0,10,7,15,7,5,4,4
2022-10-21,1,3,0,9,13,5,2,3,12,3
2022-10-22,1,0,0,8,9,4,1,5,2,3
2022-10-23,3,1,1,8,8,5,2,7,3,3
2022-10-24,2,4,0,10,10,2,2,3,6,7
2022-10-25,5,0,2,9,8,2,6,9,5,3
2022-10-26,4,0,0,11,5,10,3,10,6,3
2022-10-27,5,3,1,18,8,5,3,4,10,3
2022-10-28,0,0,2,13,10,4,10,6,6,2
2022-10-29,0,1,2,4,12,3,4,12,7,1
2022-10-30,2,0,0,12,10,5,5,2,7,3
2022-10-31,2,0,1,7,8,5,5,14,11,6
2022-11-01,1,0,0,11,21,10,5,10,10,1
2022-11-02,0,0,1,15,13,10,8,9,7,10
2022-11-03,3,0,1,7,15,6,4,11,10,3
2022-11-04,0,0,1,16,15,4,2,8,2,5
2022-11-05,1,0,2,9,14,3,6,16,7,6
2022-11-06,1,0,0,10,10,7,3,6,5,3
2022-11-07,0,1,4,16,17,6,2,9,12,2
2022-11-08,3,1,5,15,12,6,5,7,9,4
2022-11-09,0,1,10,13,13,6,4,10,6,5
2022-11-10,3,0,8,16,12,14,7,10,12,7
2022-11-11,2,2,1,20,17,11,3,7,4,8
2022-11-12,1,1,2,10,10,2,8,3,6,6
2022-11-13,1,3,1,10,10,4,7,3,6,8
2022-11-14,3,3,3,13,10,12,6,8,9,1
2022-11-15,2,1,5,16,16,14,6,6,5,7
2022-11-16,1,1,3,6,10,4,3,12,7,5
2022-11-17,1,1,1,13,14,11,6,13,12,7
2022-11-18,0,2,3,11,14,8,4,12,7,1
2022-11-19,1,0,2,11,9,6,1,4,9,4
2022-11-20,1,1,2,9,8,4,4,10,9,2
2022-11-21,0,0,0,6,8,6,1,5,3,2
2022-11-22,0,1,0,8,8,2,5,6,6,2
2022-11-23,0,0,0,18,13,6,4,6,6,5
2022-11-24,4,1,1,4,10,3,3,8,6,6
2022-11-25,5,1,1,6,11,4,4,2,5,10
2022-11-26,1,1,2,10,10,3,4,8,6,2
2022-11-27,1,0,0,3,9,7,4,5,5,3
2022-11-28,2,0,0,7,7,3,6,5,5,7
2022-11-29,2,2,0,4,8,3,4,9,3,4
2022-11-30,2,0,0,7,6,6,4,8,5,5
2022-12-01,7,2,0,5,5,2,7,4,7,4
2022-12-02,3,1,1,6,8,6,4,1,6,2
2022-12-03,0,1,0,5,6,7,7,2,3,2
2022-12-04,1,0,1,4,7,5,7,6,3,3
2022-12-05,1,1,0,6,6,6,3,6,4,7
2022-12-06,2,0,2,6,4,4,6,6,4,6
2022-12-07,0,1,0,4,6,1,6,7,5,7
2022-12-08,1,1,0,4,6,5,3,1,7,2
2022-12-09,4,0,0,7,3,0,2,4,1,3
2022-12-10,1,0,2,5,5,3,1,2,3,3
2022-12-11,2,0,0,4,5,1,2,6,4,2
2022-12-12,1,1,1,5,2,2,4,6,5,3
2022-12-13,1,1,0,5,7,6,2,3,1,3
2022-12-14,3,0,2,3,4,2,0,4,2,4
2022-12-15,0,0,0,1,5,1,9,6,6,2
2022-12-16,2,0,0,4,4,3,5,4,4,0
2022-12-17,2,1,0,4,7,3,1,4,2,2
2022-12-18,0,1,1,1,3,7,0,6,4,0
2022-12-19,0,1,0,6,2,1,2,3,3,3
2022-12-20,0,1,0,4,2,1,0,2,2,4
2022-12-21,0,1,0,7,4,1,1,3,1,0
2022-12-22,2,0,0,1,3,1,2,2,2,2
2022-12-23,1,0,1,3,2,6,1,6,2,1
2022-12-24,0,0,1,1,1,3,2,1,0,2
2022-12-25,2,0,0,3,1,0,2,4,1,2
2022-12-26,0,0,0,3,6,0,2,4,2,1
2022-12-27,4,1,0,0,3,1,0,6,3,4
2022-12-28,1,0,0,3,3,0,0,1,1,5
2022-12-29,1,0,0,1,4,5,6,3,4,2
2022-12-30,0,0,0,2,2,0,4,3,1,2
2022-12-31,1,0,0,2,1,2,5,1,1,3
2023-01-01,0,0,0,2,1,3,5,0,1,1
2023-01-02,0,1,0,3,7,4,0,2,0,2
2023-01-03,3,1,1,6,4,2,0,1,0,0
2023-01-04,0,1,0,5,5,3,1,1,2,2
2023-01-05,1,1,0,3,6,3,4,1,0,1
2023-01-06,0,0,0,5,7,4,2,2,4,1
2023-01-07,0,0,1,1,3,5,4,1,1,1
2023-01-08,1,1,0,2,4,5,2,1,2,2
2023-01-09,2,1,0,3,1,1,2,1,5,0
2023-01-10,0,1,1,1,4,6,0,0,2,0
2023-01-11,1,2,0,0,1,3,1,4,1,2
2023-01-12,1,1,0,0,3,2,1,1,1,1
2023-01-13,0,0,2,5,4,1,1,0,1,1
2023-01-14,1,0,0,5,5,3,1,1,0,1
2023-01-15,0,2,2,7,2,4,0,1,2,2
2023-01-16,0,0,0,3,6,1,4,1,2,1
2023-01-17,2,1,2,2,4,2,2,0,2,3
2023-01-18,1,0,1,5,4,3,0,1,1,0
2023-01-19,1,0,0,4,5,4,0,0,1,0
2023-01-20,0,1,2,0,5,4,2,1,0,0
2023-01-21,0,3,2,1,4,2,2,0,0,1
2023-01-22,,1,2,3,1,2,2,1,1,1
2023-01-23,0,0,0,1,6,0,0,0,1,0
2023-01-24,0,0,0,1,2,0,1,0,1,0
2023-01-25,0,0,0,1,2,0,0,1,0,1
2023-01-26,1,0,0,3,4,1,1,0,0,0
2023-01-27,0,,0,2,1,0,1,1,0,2
2023-01-28,0,0,1,4,3,4,1,1,2,1
2023-01-29,0,0,0,2,1,4,0,1,0,3
2023-01-30,1,1,1,5,5,2,0,2,0,0
2023-01-31,0,0,1,0,3,1,1,2,1,0
2023-02-01,0,0,0,1,,0,4,4,0,0
2023-02-02,0,2,0,1,1,1,1,2,0,0
